{
  "data": {
    "1.0916748046875": {
      "0.0": {
        "velocity": 199.9830463398193,
        "fx": 0.013662126862749556,
        "fy": -0.02317873775268946,
        "fz": 0.8131097477852158,
        "tx": 0.0011636781181515662,
        "ty": -3.181699524794275e-05,
        "tz": -0.01809188410976437,
        "fx_0": 0.0,
        "fy_0": 0.0,
        "tx_0": 0.0,
        "ty_0": 0.0,
        "developed_force": 0.0,
        "developed_force_angle": 0.0,
        "developed_torque": 0.0,
        "developed_torque_angle": 0.0,
        "thrust": 0.8131097477852158,
        "rotor_torque": -0.01809188410976437
      },
      "0.3836089125866635": {
        "velocity": 200.3448053364626,
        "fx": 0.2084236561046335,
        "fy": 0.07661208970254695,
        "fz": 0.7543223562679902,
        "tx": 0.03580304337266462,
        "ty": 0.03327779053380939,
        "tz": -0.0250952002624145,
        "fx_0": 0.19476152924188395,
        "fy_0": 0.0997908274552364,
        "tx_0": 0.034639365254513055,
        "ty_0": 0.03330960752905733,
        "developed_force": 0.21883843930360583,
        "developed_force_angle": 1.0972982518570742,
        "developed_torque": 0.04805637917046393,
        "developed_torque_angle": 0.8049656116145545,
        "thrust": 0.7543223562679902,
        "rotor_torque": -0.0250952002624145
      }
    },
    "1.40631103515625": {
      "0.0": {
        "velocity": 250.04555428103373,
        "fx": 0.017065187865981206,
        "fy": -0.03500279254656034,
        "fz": 1.2813998961060864,
        "tx": 0.002948226990196789,
        "ty": -0.0006245612086698835,
        "tz": -0.027907503792902157,
        "fx_0": 0.0,
        "fy_0": 0.0,
        "tx_0": 0.0,
        "ty_0": 0.0,
        "developed_force": 0.0,
        "developed_force_angle": 0.0,
        "developed_torque": 0.0,
        "developed_torque_angle": 0.0,
        "thrust": 1.2813998961060864,
        "rotor_torque": -0.027907503792902157
      },
      "0.5625077648436174": {
        "velocity": 251.24655249688055,
        "fx": 0.32409104858947013,
        "fy": 0.1738526688850491,
        "fz": 1.174399442285114,
        "tx": 0.05115525200273998,
        "ty": 0.062384179007471216,
        "tz": -0.041226776673927996,
        "fx_0": 0.3070258607234889,
        "fy_0": 0.20885546143160943,
        "tx_0": 0.04820702501254319,
        "ty_0": 0.0630087402161411,
        "developed_force": 0.37132934562569886,
        "developed_force_angle": 0.9734462435613674,
        "developed_torque": 0.07933485113230579,
        "developed_torque_angle": 0.653085642089714,
        "thrust": 1.174399442285114,
        "rotor_torque": -0.041226776673927996
      }
    },
    "1.757415771484375": {
      "0.0": {
        "velocity": 300.01078137617844,
        "fx": 0.028609581582873647,
        "fy": -0.04989203384852671,
        "fz": 1.857443424925064,
        "tx": 0.0040778713347152645,
        "ty": -0.000214117352959284,
        "tz": -0.03932321131744093,
        "fx_0": 0.0,
        "fy_0": 0.0,
        "tx_0": 0.0,
        "ty_0": 0.0,
        "developed_force": 0.0,
        "developed_force_angle": 0.0,
        "developed_torque": 0.0,
        "developed_torque_angle": 0.0,
        "thrust": 1.857443424925064,
        "rotor_torque": -0.03932321131744093
      },
      "0.8275897315558478": {
        "velocity": 300.67619021990345,
        "fx": 0.4546127530773659,
        "fy": 0.33076104602282336,
        "fz": 1.7272073698841162,
        "tx": 0.05858502934355704,
        "ty": 0.10607853087099853,
        "tz": -0.06136213183509957,
        "fx_0": 0.4260031714944923,
        "fy_0": 0.38065307987135005,
        "tx_0": 0.054507158008841775,
        "ty_0": 0.10629264822395781,
        "developed_force": 0.5712928052574355,
        "developed_force_angle": 0.8415588923817466,
        "developed_torque": 0.11945357818275218,
        "developed_torque_angle": 0.4738372401641878,
        "thrust": 1.7272073698841162,
        "rotor_torque": -0.06136213183509957
      }
    },
    "2.1473541259765625": {
      "0.0": {
        "velocity": 350.0129536590724,
        "fx": 0.02800377148086809,
        "fy": -0.06818274217627765,
        "fz": 2.545377626198697,
        "tx": 0.001436481485412433,
        "ty": -0.000994330135370324,
        "tz": -0.053418961668920545,
        "fx_0": 0.0,
        "fy_0": 0.0,
        "tx_0": 0.0,
        "ty_0": 0.0,
        "developed_force": 0.0,
        "developed_force_angle": 0.0,
        "developed_torque": 0.0,
        "developed_torque_angle": 0.0,
        "thrust": 2.545377626198697,
        "rotor_torque": -0.053418961668920545
      },
      "1.2195825253013342": {
        "velocity": 349.93145793193094,
        "fx": 0.5944938549224492,
        "fy": 0.5528398802201346,
        "fz": 2.3670194066453556,
        "tx": 0.05771969540025729,
        "ty": 0.1597299481576803,
        "tz": -0.08701165603669929,
        "fx_0": 0.5664900834415811,
        "fy_0": 0.6210226223964123,
        "tx_0": 0.05628321391484485,
        "ty_0": 0.1607242782930506,
        "developed_force": 0.8405831976465902,
        "developed_force_angle": 0.7395087557144054,
        "developed_torque": 0.1702941390694529,
        "developed_torque_angle": 0.33683952369607634,
        "thrust": 2.3670194066453556,
        "rotor_torque": -0.08701165603669929
      }
    },
    "2.5847625732421875": {
      "0.0": {
        "velocity": 399.90117171955245,
        "fx": 0.05818018987457836,
        "fy": -0.0859685789363144,
        "fz": 3.3517189203468547,
        "tx": 0.0024980924027907833,
        "ty": 0.000746409707038415,
        "tz": -0.07011157370470027,
        "fx_0": 0.0,
        "fy_0": 0.0,
        "tx_0": 0.0,
        "ty_0": 0.0,
        "developed_force": 0.0,
        "developed_force_angle": 0.0,
        "developed_torque": 0.0,
        "developed_torque_angle": 0.0,
        "thrust": 3.3517189203468547,
        "rotor_torque": -0.07011157370470027
      },
      "1.7792138586580575": {
        "velocity": 400.2078201710365,
        "fx": 0.6520596754487229,
        "fy": 0.8503797142286146,
        "fz": 2.6683707600891284,
        "tx": 0.022574638993220573,
        "ty": 0.2156402720147974,
        "tz": -0.11119237090874477,
        "fx_0": 0.5938794855741445,
        "fy_0": 0.936348293164929,
        "tx_0": 0.02007654659042979,
        "ty_0": 0.214893862307759,
        "developed_force": 1.1088015915837632,
        "developed_force_angle": 0.5652238074778967,
        "developed_torque": 0.2158296545439106,
        "developed_torque_angle": 0.09315500667197363,
        "thrust": 2.6683707600891284,
        "rotor_torque": -0.11119237090874477
      }
    }
  },
  "height": 0.048
}