{
  "data": {
    "1.0855865478515625": {
      "0.0": {
        "velocity": 200.01261919042156,
        "fx": 0.018094225504327332,
        "fy": -0.021483637130618374,
        "fz": 0.787823919033151,
        "tx": 0.0025198616243780943,
        "ty": 0.0001260287867388222,
        "tz": -0.017610986922478766,
        "fx_0": 0.0,
        "fy_0": 0.0,
        "tx_0": 0.0,
        "ty_0": 0.0,
        "developed_force": 0.0,
        "developed_force_angle": 0.0,
        "developed_torque": 0.0,
        "developed_torque_angle": 0.0,
        "thrust": 0.787823919033151,
        "rotor_torque": -0.017610986922478766
      },
      "0.09590222814666588": {
        "velocity": 200.09842839746938,
        "fx": 0.06487767439357364,
        "fy": 0.02490916413598995,
        "fz": 0.7822480264317229,
        "tx": 0.008518137761110137,
        "ty": 0.01373230386923122,
        "tz": -0.017735806601151524,
        "fx_0": 0.04678344888924631,
        "fy_0": 0.04639280126660832,
        "tx_0": 0.005998276136732043,
        "ty_0": 0.013606275082492398,
        "developed_force": 0.06588613738363888,
        "developed_force_angle": 0.7895907053072629,
        "developed_torque": 0.014869769273023121,
        "developed_torque_angle": 0.41521569159582544,
        "thrust": 0.7822480264317229,
        "rotor_torque": -0.017735806601151524
      },
      "0.19180445629333176": {
        "velocity": 200.0500816391547,
        "fx": 0.11351407375663125,
        "fy": 0.06132862507195856,
        "fz": 0.7580756381612747,
        "tx": 0.018183648115442087,
        "ty": 0.025183360373361795,
        "tz": -0.019068210315718398,
        "fx_0": 0.09541984825230392,
        "fy_0": 0.08281226220257694,
        "tx_0": 0.015663786491063994,
        "ty_0": 0.02505733158662297,
        "developed_force": 0.12634404699708277,
        "developed_force_angle": 0.8560174288974127,
        "developed_torque": 0.02955036503124136,
        "developed_torque_angle": 0.5586840925875001,
        "thrust": 0.7580756381612747,
        "rotor_torque": -0.019068210315718398
      },
      "0.28770668443999764": {
        "velocity": 199.67137844854665,
        "fx": 0.1702102484718601,
        "fy": 0.07604408090144035,
        "fz": 0.7453193097866437,
        "tx": 0.029837164862337787,
        "ty": 0.031894355914582395,
        "tz": -0.023073634874156042,
        "fx_0": 0.15211602296753277,
        "fy_0": 0.09752771803205873,
        "tx_0": 0.027317303237959695,
        "ty_0": 0.031768327127843575,
        "developed_force": 0.18069571170340407,
        "developed_force_angle": 1.0006745762721267,
        "developed_torque": 0.041898229851585915,
        "developed_torque_angle": 0.7102084302808687,
        "thrust": 0.7453193097866437,
        "rotor_torque": -0.023073634874156042
      },
      "0.3836089125866635": {
        "velocity": 199.98009088283632,
        "fx": 0.20268683584398373,
        "fy": 0.0719415153611733,
        "fz": 0.7302666723130669,
        "tx": 0.03589883166276113,
        "ty": 0.03177991818523213,
        "tz": -0.02537036532696376,
        "fx_0": 0.1845926103396564,
        "fy_0": 0.09342515249179167,
        "tx_0": 0.033378970038383034,
        "ty_0": 0.03165388939849331,
        "developed_force": 0.2068881120560646,
        "developed_force_angle": 1.1022684192734398,
        "developed_torque": 0.04600135166356875,
        "developed_torque_angle": 0.8119182366533501,
        "thrust": 0.7302666723130669,
        "rotor_torque": -0.02537036532696376
      }
    },
    "1.2422943115234375": {
      "0.0": {
        "velocity": 225.0184406193042,
        "fx": 0.00496213170783883,
        "fy": -0.025907881548643413,
        "fz": 0.9781942353665343,
        "tx": 0.0014786483775367436,
        "ty": -0.0009643872675429042,
        "tz": -0.022052362646552793,
        "fx_0": 0.0,
        "fy_0": 0.0,
        "tx_0": 0.0,
        "ty_0": 0.0,
        "developed_force": 0.0,
        "developed_force_angle": 0.0,
        "developed_torque": 0.0,
        "developed_torque_angle": 0.0,
        "thrust": 0.9781942353665343,
        "rotor_torque": -0.022052362646552793
      },
      "0.11620773286108865": {
        "velocity": 224.9949458236429,
        "fx": 0.0740573675830222,
        "fy": 0.03870851246556127,
        "fz": 0.9757987778809272,
        "tx": 0.010583916617480324,
        "ty": 0.019149105626210798,
        "tz": -0.022249052202068114,
        "fx_0": 0.06909523587518338,
        "fy_0": 0.06461639401420469,
        "tx_0": 0.00910526823994358,
        "ty_0": 0.020113492893753703,
        "developed_force": 0.0946014270296499,
        "developed_force_angle": 0.8188819217188968,
        "developed_torque": 0.022078462494213812,
        "developed_torque_angle": 0.425092439724229,
        "thrust": 0.9757987778809272,
        "rotor_torque": -0.022249052202068114
      },
      "0.2324154657221773": {
        "velocity": 225.52126709075335,
        "fx": 0.1377759914704639,
        "fy": 0.09138033465935778,
        "fz": 0.9661915092992083,
        "tx": 0.021190051223092247,
        "ty": 0.0354359429714836,
        "tz": -0.024332462405030682,
        "fx_0": 0.13281385976262508,
        "fy_0": 0.1172882162080012,
        "tx_0": 0.019711402845555503,
        "ty_0": 0.0364003302390265,
        "developed_force": 0.1771892970986145,
        "developed_force_angle": 0.8473958352069478,
        "developed_torque": 0.04139472724454119,
        "developed_torque_angle": 0.49630714150866057,
        "thrust": 0.9661915092992083,
        "rotor_torque": -0.024332462405030682
      },
      "0.34862319858326596": {
        "velocity": 225.03666249228903,
        "fx": 0.2064456722678288,
        "fy": 0.12896728832592774,
        "fz": 0.9397064285429454,
        "tx": 0.032645391523236464,
        "ty": 0.04588658312752572,
        "tz": -0.029229880174111295,
        "fx_0": 0.20148354055999,
        "fy_0": 0.15487516987457114,
        "tx_0": 0.03116674314569972,
        "ty_0": 0.04685097039506862,
        "developed_force": 0.2541297608708323,
        "developed_force_angle": 0.915450552754044,
        "developed_torque": 0.0562705900561707,
        "developed_torque_angle": 0.5870083955124978,
        "thrust": 0.9397064285429454,
        "rotor_torque": -0.029229880174111295
      },
      "0.4648309314443546": {
        "velocity": 224.85046521154075,
        "fx": 0.2555068422545563,
        "fy": 0.12085613105386939,
        "fz": 0.9233663142685575,
        "tx": 0.04288720328295406,
        "ty": 0.045691477975490793,
        "tz": -0.032570243109414025,
        "fx_0": 0.25054471054671745,
        "fy_0": 0.1467640126025128,
        "tx_0": 0.04140855490541732,
        "ty_0": 0.046655865243033695,
        "developed_force": 0.29036585091592465,
        "developed_force_angle": 1.0408985319036443,
        "developed_torque": 0.06238139290630725,
        "developed_torque_angle": 0.7258836219421096,
        "thrust": 0.9233663142685575,
        "rotor_torque": -0.032570243109414025
      }
    },
    "1.412689208984375": {
      "0.0": {
        "velocity": 250.01315469384429,
        "fx": 0.006251993369511317,
        "fy": -0.028987051298773825,
        "fz": 1.2126032830759947,
        "tx": 0.0017697518931379887,
        "ty": -0.0019058793270355292,
        "tz": -0.027262729875503704,
        "fx_0": 0.0,
        "fy_0": 0.0,
        "tx_0": 0.0,
        "ty_0": 0.0,
        "developed_force": 0.0,
        "developed_force_angle": 0.0,
        "developed_torque": 0.0,
        "developed_torque_angle": 0.0,
        "thrust": 1.2126032830759947,
        "rotor_torque": -0.027262729875503704
      },
      "0.14062694121090435": {
        "velocity": 249.926505794919,
        "fx": 0.08943631040750574,
        "fy": 0.06049882213056328,
        "fz": 1.2037607928560146,
        "tx": 0.011877009659022426,
        "ty": 0.026256445042402616,
        "tz": -0.027470763812696343,